Choice,Observed share,Predicted share
No purchase,0.847899219559492,0.8478965565317972
Brand 1,0.03369577958932182,0.031427569415248324
Brand 2,0.11840500085118616,0.12067587405295478
