parameter,sand,mean_est,bias,std_afv,rmse,konv_rate
alpha_2,0.3,0.3119854587881131,0.011985458788113097,0.038649139069491266,0.039531245561375744,1.0
gamma,-0.5,-0.500640357638552,-0.0006403576385519943,0.015564005060617102,0.015183425132552301,1.0
beta_sc_12,0.55,0.5531219096702091,0.0031219096702091416,0.08168223089940856,0.07967517695278765,1.0
beta_sc_21,0.5,0.4970831092300146,-0.0029168907699853837,0.09193373623522003,0.08965338541863706,1.0
beta_dep_1,0.25,0.232694508845633,-0.017305491154367005,0.06560750308354,0.06624656415171847,1.0
beta_dep_2,0.25,0.25494663589460814,0.004946635894608188,0.049613326574447045,0.0486094360363029,1.0
